Username del Seguidor,Número de Seguidores,Primer Dígito
Explorar,349,3
kenneth_1803_,78,7
nini.carly12,480,4
Notificaciones,72,7
0publicaciones,0,N/A
grace.molina.bonifa,123,1
API,0,N/A
kausarina_zambiza,61,6
Ayuda,0,N/A
blockbeast_nutrition,5,5
Información,0,N/A
InicioInicio,0,N/A
ConfiguraciónMás,0,N/A
SeguidoresCerrar,0,N/A
Instagram,696964682,6
Etiquetas,1282,1
_chris.x17_,58,5
about-us,0,N/A
Jofre,0,N/A
alex_anderklt,25,2
kenneth_1803_kenneth,0,N/A
_chris.x17_Cristo,0,N/A
sebastian.ocana.56,200,2
Panel,1013,1
Configuración,0,N/A
246seguidores,22,2
melanieee_6,645,6
kingmatayus,338,3
_chris.x17_CristoSeguir,0,N/A
MensajesMensajes,55,5
Inicio,0,N/A
kenneth,20000,2
Publicaciones,536,5
Meta AI,0,N/A
blog,0,N/A
jofre_a21JofreSiguiendo,0,N/A
web,0,N/A
Siguiendo,58,5
Empleo,522,5
Cerrar,14,1
Condiciones,41,4
Opciones,7,7
Buscar,0,N/A
Threadseri._v,0,N/A
Más,0,N/A
ExplorarExplorar,5,5
park_milena1995,450,4
kingmatayusSeguir,0,N/A
Mensajes,200,2
NotificacionesNotificaciones,0,N/A
Ubicaciones,266,2
BuscarBuscar,21,2
Privacidad,47,4
iamjohnyv13,545,5
ReelsReels,0,N/A
PublicacionesEtiquetas,0,N/A
Mile♡☆,0,N/A
sol_vilana,212,2
246,0,N/A
Reels,0,N/A
Español,0,N/A
Seguidores,0,N/A
Seguir,0,N/A
emi_ly2239,10,1
Cristo,0,N/A
kenneth_1803_kennethSeguir,0,N/A
eri._vOpciones,0,N/A
davinsond02,253,2
tabacolor,228,2
eri._v,246,2
jofre_a21,153,1
theniicks_,1864,1
jofre_a21Jofre,0,N/A
gaby.suarezt,12,1
144seguidos,0,N/A
park_milena1995Mile♡☆,0,N/A
Blog,0,N/A
legal,45124,4
Mensaje,176,1
Threads,1708128,1
dillan_lozano,863,8
Meta,4978241,4
Perfil,14516,1
Crear,0,N/A
