Username del Seguidor,Número de Seguidores,Primer Dígito
InicioInicio,0,N/A
Condiciones,41,4
Ayuda,0,N/A
Panel,1013,1
1019seguidos,0,N/A
Opciones,7,7
202,0,N/A
mtc_castuOpciones,0,N/A
jefferson_21apc,58,5
Blog,0,N/A
SOLA,2531,2
SeguidoresCerrar,0,N/A
Español,0,N/A
Información,0,N/A
Threads,1708088,1
silloesteban,56,5
ClipClipClip,0,N/A
Mensaje,176,1
MensajesMensajes,55,5
ReelsReels,0,N/A
BANDIDAS,0,N/A
ClipClip,10,1
Siguiendo,58,5
Clip,0,N/A
Etiquetas,1282,1
Privacidad,47,4
Empleo,522,5
Mensajes,200,2
Cerrar,14,1
Explorar,349,3
BuscarBuscar,21,2
13publicaciones,0,N/A
blog,0,N/A
Instagram,696964682,6
web,0,N/A
freddyelgato3,107,1
niikyes,189,1
SOLAVACILARBANDIDASDestacada,0,N/A
Meta,4977991,4
Inicio,0,N/A
Ubicaciones,266,2
ExplorarExplorar,5,5
Meta AI,0,N/A
Seguidores,0,N/A
Seguir,0,N/A
Reels,0,N/A
Notificaciones,72,7
Perfil,14518,1
ConfiguraciónMás,0,N/A
MTC_CASTU,202,2
Configuración,0,N/A
iamjohnyv13,545,5
Publicaciones,536,5
about-us,0,N/A
Más,0,N/A
mtc_castu,202,2
arlethcamila13,115,1
cristian_adrianm,270,2
Destacada,242,2
lastcaio,325,3
202seguidores,0,N/A
API,0,N/A
pame.v01Pame♡,0,N/A
Artista,0,N/A
legal,45124,4
andyricardo.galarza,12,1
NotificacionesNotificaciones,0,N/A
gabriela.ltaSiguiendo,0,N/A
PublicacionesReelsEtiquetas,0,N/A
Pame♡,0,N/A
Buscar,0,N/A
carlospatino521,44,4
pame.v01Pame♡Siguiendo,0,N/A
VACILAR,1,1
gabriela.lta,553,5
pame.v01,288,2
Crear,0,N/A
